hour,location,predicted_demand,date
0,0,0.0,2025-05-06
0,1,1.0000000000000002,2025-05-06
0,2,2.0000000000000004,2025-05-06
0,3,3.000000000000001,2025-05-06
0,4,4.000000000000001,2025-05-06
1,0,0.9999999999999998,2025-05-06
1,1,2.0,2025-05-06
1,2,3.0,2025-05-06
1,3,4.0,2025-05-06
1,4,5.000000000000001,2025-05-06
2,0,1.9999999999999996,2025-05-06
2,1,3.0,2025-05-06
2,2,4.0,2025-05-06
2,3,5.0,2025-05-06
2,4,6.0,2025-05-06
3,0,2.999999999999999,2025-05-06
3,1,3.999999999999999,2025-05-06
3,2,5.0,2025-05-06
3,3,6.0,2025-05-06
3,4,7.0,2025-05-06
4,0,3.999999999999999,2025-05-06
4,1,4.999999999999999,2025-05-06
4,2,6.0,2025-05-06
4,3,7.0,2025-05-06
4,4,8.0,2025-05-06
5,0,4.999999999999999,2025-05-06
5,1,5.999999999999999,2025-05-06
5,2,7.0,2025-05-06
5,3,8.0,2025-05-06
5,4,9.0,2025-05-06
6,0,5.999999999999998,2025-05-06
6,1,6.999999999999998,2025-05-06
6,2,7.999999999999998,2025-05-06
6,3,8.999999999999998,2025-05-06
6,4,10.0,2025-05-06
7,0,6.999999999999998,2025-05-06
7,1,7.999999999999998,2025-05-06
7,2,8.999999999999998,2025-05-06
7,3,9.999999999999998,2025-05-06
7,4,11.0,2025-05-06
8,0,7.999999999999998,2025-05-06
8,1,8.999999999999998,2025-05-06
8,2,9.999999999999998,2025-05-06
8,3,10.999999999999998,2025-05-06
8,4,12.0,2025-05-06
9,0,8.999999999999998,2025-05-06
9,1,9.999999999999998,2025-05-06
9,2,10.999999999999998,2025-05-06
9,3,11.999999999999998,2025-05-06
9,4,13.0,2025-05-06
10,0,9.999999999999998,2025-05-06
10,1,10.999999999999998,2025-05-06
10,2,11.999999999999998,2025-05-06
10,3,12.999999999999998,2025-05-06
10,4,14.0,2025-05-06
11,0,10.999999999999998,2025-05-06
11,1,11.999999999999998,2025-05-06
11,2,12.999999999999998,2025-05-06
11,3,13.999999999999998,2025-05-06
11,4,15.0,2025-05-06
12,0,11.999999999999996,2025-05-06
12,1,12.999999999999996,2025-05-06
12,2,13.999999999999996,2025-05-06
12,3,14.999999999999996,2025-05-06
12,4,15.999999999999996,2025-05-06
13,0,12.999999999999996,2025-05-06
13,1,13.999999999999996,2025-05-06
13,2,14.999999999999996,2025-05-06
13,3,15.999999999999996,2025-05-06
13,4,16.999999999999996,2025-05-06
14,0,13.999999999999996,2025-05-06
14,1,14.999999999999996,2025-05-06
14,2,15.999999999999996,2025-05-06
14,3,16.999999999999996,2025-05-06
14,4,17.999999999999996,2025-05-06
15,0,14.999999999999996,2025-05-06
15,1,15.999999999999996,2025-05-06
15,2,16.999999999999996,2025-05-06
15,3,17.999999999999996,2025-05-06
15,4,18.999999999999996,2025-05-06
16,0,15.999999999999996,2025-05-06
16,1,16.999999999999996,2025-05-06
16,2,17.999999999999996,2025-05-06
16,3,18.999999999999996,2025-05-06
16,4,19.999999999999996,2025-05-06
17,0,16.999999999999996,2025-05-06
17,1,17.999999999999996,2025-05-06
17,2,18.999999999999996,2025-05-06
17,3,19.999999999999996,2025-05-06
17,4,20.999999999999996,2025-05-06
18,0,17.999999999999996,2025-05-06
18,1,18.999999999999996,2025-05-06
18,2,19.999999999999996,2025-05-06
18,3,20.999999999999996,2025-05-06
18,4,21.999999999999996,2025-05-06
19,0,18.999999999999996,2025-05-06
19,1,19.999999999999996,2025-05-06
19,2,20.999999999999996,2025-05-06
19,3,21.999999999999996,2025-05-06
19,4,22.999999999999996,2025-05-06
20,0,19.999999999999996,2025-05-06
20,1,20.999999999999996,2025-05-06
20,2,21.999999999999996,2025-05-06
20,3,22.999999999999996,2025-05-06
20,4,23.999999999999996,2025-05-06
21,0,20.999999999999996,2025-05-06
21,1,21.999999999999996,2025-05-06
21,2,22.999999999999996,2025-05-06
21,3,23.999999999999996,2025-05-06
21,4,24.999999999999996,2025-05-06
22,0,21.999999999999996,2025-05-06
22,1,22.999999999999996,2025-05-06
22,2,23.999999999999996,2025-05-06
22,3,24.999999999999996,2025-05-06
22,4,25.999999999999996,2025-05-06
23,0,22.999999999999996,2025-05-06
23,1,23.999999999999996,2025-05-06
23,2,24.999999999999996,2025-05-06
23,3,25.999999999999996,2025-05-06
23,4,26.999999999999996,2025-05-06
